{
  "sections": {
    "rich_text": {
      "type": "rich-text",
      "blocks": {
        "heading": {
          "type": "heading",
          "settings": {
            "heading": "Browse our latest products in Techstax",
            "heading_size": "h1"
          }
        }
      },
      "block_order": [
        "heading"
      ],
      "settings": {
        "desktop_content_position": "center",
        "content_alignment": "center",
        "color_scheme": "scheme-1",
        "full_width": true,
        "padding_top": 28,
        "padding_bottom": 12
      }
    },
    "collage-0": {
      "type": "collage",
      "blocks": {
        "collection-0": {
          "type": "collection",
          "settings": {
            "collection": ""
          }
        },
        "collection-1": {
          "type": "collection",
          "settings": {
            "collection": ""
          }
        }
      },
      "block_order": [
        "collection-0",
        "collection-1"
      ],
      "settings": {
        "heading": "",
        "heading_size": "h2",
        "desktop_layout": "right",
        "mobile_layout": "collage",
        "card_styles": "product-card-wrapper",
        "color_scheme": "scheme-1",
        "padding_top": 36,
        "padding_bottom": 0
      }
    },
    "featured-collection": {
      "type": "featured-collection",
      "settings": {
        "title": "",
        "heading_size": "h2",
        "description": "",
        "show_description": false,
        "description_style": "body",
        "collection": "all",
        "products_to_show": 4,
        "columns_desktop": 4,
        "full_width": false,
        "show_view_all": false,
        "view_all_style": "solid",
        "enable_desktop_slider": false,
        "color_scheme": "scheme-1",
        "image_ratio": "square",
        "image_shape": "default",
        "show_secondary_image": false,
        "show_vendor": false,
        "show_rating": false,
        "quick_add": "none",
        "columns_mobile": "2",
        "swipe_on_mobile": false,
        "padding_top": 0,
        "padding_bottom": 68
      }
    }
  },
  "order": [
    "rich_text",
    "collage-0",
    "featured-collection"
  ]
}
